{
    "ktkexq_benign_3": {
        "1": {
            "accuracy": 0.98596,
            "precision": 0.9666126709863211,
            "recall": 0.9122643111941566,
            "f1": 0.9386524512802586,
            "mcc": 0.9312296396359835,
            "missrate": 0.08773568880584338,
            "fallout": 0.00420510960487838,
            "loss": 0.06366675347089767
        },
        "2": {
            "accuracy": 0.98891,
            "precision": 0.9711521470224421,
            "recall": 0.9335400033973161,
            "f1": 0.9519747098562273,
            "mcc": 0.9459444094730564,
            "missrate": 0.06645999660268388,
            "fallout": 0.003700723142837712,
            "loss": 0.0483788438141346
        },
        "3": {
            "accuracy": 0.990465,
            "precision": 0.9802920680012428,
            "recall": 0.937871581450654,
            "f1": 0.9586127569069167,
            "mcc": 0.9535254071119316,
            "missrate": 0.06212841854934602,
            "fallout": 0.002516265046584907,
            "loss": 0.0422600582242012
        },
        "4": {
            "accuracy": 0.991845,
            "precision": 0.9876295999644017,
            "recall": 0.9425428911160183,
            "f1": 0.9645596575476412,
            "mcc": 0.9602894264578455,
            "missrate": 0.05745710888398165,
            "fallout": 0.001575499285924784,
            "loss": 0.037597332149744034
        },
        "5": {
            "accuracy": 0.994265,
            "precision": 0.9926111624224832,
            "recall": 0.9584253439782572,
            "f1": 0.9752187533758238,
            "mcc": 0.9721680059954804,
            "missrate": 0.041574656021742824,
            "fallout": 0.0009521002878969918,
            "loss": 0.03423544764518738
        },
        "6": {
            "accuracy": 0.99425,
            "precision": 0.9920042175555751,
            "recall": 0.9588924749447936,
            "f1": 0.9751673504642625,
            "mcc": 0.9720960586581545,
            "missrate": 0.04110752505520639,
            "fallout": 0.0010314419785550746,
            "loss": 0.03232531622052193
        },
        "7": {
            "accuracy": 0.99473,
            "precision": 0.9962495587716201,
            "recall": 0.9588500084932903,
            "f1": 0.9771920713234659,
            "mcc": 0.9744420289173286,
            "missrate": 0.0411499915067097,
            "fallout": 0.0004817174075669304,
            "loss": 0.030806833878159523
        },
        "8": {
            "accuracy": 0.994885,
            "precision": 0.9973504084786928,
            "recall": 0.9591048072023102,
            "f1": 0.9778537873703809,
            "mcc": 0.9752017981934916,
            "missrate": 0.04089519279768983,
            "fallout": 0.0003400358171060685,
            "loss": 0.029822329059243202
        },
        "9": {
            "accuracy": 0.994985,
            "precision": 0.9975283576819526,
            "recall": 0.9597842704263632,
            "f1": 0.9782923925982037,
            "mcc": 0.975690501267287,
            "missrate": 0.040215729573636824,
            "fallout": 0.00031736676263233063,
            "loss": 0.02919948659837246
        },
        "10": {
            "accuracy": 0.99499,
            "precision": 0.9975723870056498,
            "recall": 0.9597842704263632,
            "f1": 0.9783135659250282,
            "mcc": 0.9757150460432918,
            "missrate": 0.040215729573636824,
            "fallout": 0.00031169949901389615,
            "loss": 0.028800325468182564,
            "attack_stats": [
                {
                    "attack": "DDoS",
                    "count": 14533,
                    "correct": 14528,
                    "missed": 5,
                    "percentage": "99.97%"
                },
                {
                    "attack": "DoS",
                    "count": 5096,
                    "correct": 5064,
                    "missed": 32,
                    "percentage": "99.37%"
                },
                {
                    "attack": "Brute Force",
                    "count": 1254,
                    "correct": 1247,
                    "missed": 7,
                    "percentage": "99.44%"
                },
                {
                    "attack": "Bot",
                    "count": 1507,
                    "correct": 1507,
                    "missed": 0,
                    "percentage": "100.00%"
                },
                {
                    "attack": "Infilteration",
                    "count": 1155,
                    "correct": 252,
                    "missed": 903,
                    "percentage": "21.82%"
                },
                {
                    "attack": "injection",
                    "count": 3,
                    "correct": 3,
                    "missed": 0,
                    "percentage": "100.00%"
                }
            ]
        }
    },
    "ktkexq_benign_2": {
        "1": {
            "accuracy": 0.986355,
            "precision": 0.9689175188071535,
            "recall": 0.913410905384746,
            "f1": 0.9403458150261218,
            "mcc": 0.9331671456420599,
            "missrate": 0.08658909461525395,
            "fallout": 0.003910411896719788,
            "loss": 0.06288931518793106
        },
        "2": {
            "accuracy": 0.98954,
            "precision": 0.973015873015873,
            "recall": 0.9371496517750977,
            "f1": 0.9547460413602145,
            "mcc": 0.9490488651559174,
            "missrate": 0.06285034822490233,
            "fallout": 0.003468365334481899,
            "loss": 0.04789607599377632
        },
        "3": {
            "accuracy": 0.99094,
            "precision": 0.984313725490196,
            "recall": 0.937998980805164,
            "f1": 0.9605984169783423,
            "mcc": 0.9558374992363049,
            "missrate": 0.06200101919483608,
            "fallout": 0.0019948767936889353,
            "loss": 0.04169302061200142
        },
        "4": {
            "accuracy": 0.99171,
            "precision": 0.9905432054499821,
            "recall": 0.938551044674707,
            "f1": 0.9638464893153075,
            "mcc": 0.9596132217046875,
            "missrate": 0.06144895532529302,
            "fallout": 0.0011957926234896742,
            "loss": 0.03752182424068451
        },
        "5": {
            "accuracy": 0.992665,
            "precision": 0.9944024002507724,
            "recall": 0.9430100220825548,
            "f1": 0.968024586412084,
            "mcc": 0.9643181178885195,
            "missrate": 0.05698997791744522,
            "fallout": 0.0007084079523043094,
            "loss": 0.03460110351443291
        },
        "6": {
            "accuracy": 0.99462,
            "precision": 0.9943246810382754,
            "recall": 0.9597842704263632,
            "f1": 0.9767492112883012,
            "mcc": 0.9739029060860322,
            "missrate": 0.040215729573636824,
            "fallout": 0.0007310770067780473,
            "loss": 0.03247901424765587
        },
        "7": {
            "accuracy": 0.994805,
            "precision": 0.995858483500022,
            "recall": 0.9598692033293698,
            "f1": 0.9775327062385123,
            "mcc": 0.974807798726764,
            "missrate": 0.0401307966706302,
            "fallout": 0.0005327227801328406,
            "loss": 0.03106546588242054
        },
        "8": {
            "accuracy": 0.994925,
            "precision": 0.9969564642053725,
            "recall": 0.9598267368778665,
            "f1": 0.9780393344728359,
            "mcc": 0.9753959714170833,
            "missrate": 0.04017326312213351,
            "fallout": 0.00039104118967197876,
            "loss": 0.02995374985039234
        },
        "9": {
            "accuracy": 0.99496,
            "precision": 0.9971766366684313,
            "recall": 0.9599116697808731,