{
    "ktkexq_benign_2": {
        "1": {
            "accuracy": 0.97784,
            "precision": 0.999381347631077,
            "recall": 0.8143247216971224,
            "f1": 0.8974121568445905,
            "mcc": 0.8909686346970113,
            "missrate": 0.18567527830287756,
            "fallout": 6.81063594313119e-05,
            "loss": 0.09026389569044113
        },
        "2": {
            "accuracy": 0.97781,
            "precision": 0.9993296550301656,
            "recall": 0.81411468178954,
            "f1": 0.8972637622112135,
            "mcc": 0.8908145881430604,
            "missrate": 0.18588531821045998,
            "fallout": 7.378188938392122e-05,
            "loss": 0.16741378605365753
        },
        "3": {
            "accuracy": 0.977775,
            "precision": 0.999329412978438,
            "recall": 0.8138206259189246,
            "f1": 0.897085040864995,
            "mcc": 0.8906362971954772,
            "missrate": 0.1861793740810754,
            "fallout": 7.378188938392122e-05,
            "loss": 0.19508998095989227
        },
        "4": {
            "accuracy": 0.97776,
            "precision": 0.9992777921072995,
            "recall": 0.8137366099558916,
            "f1": 0.8970131974994211,
            "mcc": 0.8905586350337731,
            "missrate": 0.18626339004410838,
            "fallout": 7.945741933653056e-05,
            "loss": 0.2135711908340454
        },
        "5": {
            "accuracy": 0.977705,
            "precision": 0.9992773820584289,
            "recall": 0.8132745221592103,
            "f1": 0.8967322077861924,
            "mcc": 0.8902784012058974,
            "missrate": 0.18672547784078974,
            "fallout": 7.945741933653056e-05,
            "loss": 0.22212111949920654
        },
        "6": {
            "accuracy": 0.97766,
            "precision": 0.9992770462174025,
            "recall": 0.8128964503255619,
            "f1": 0.89650220060227,
            "mcc": 0.890049078752753,
            "missrate": 0.18710354967443815,
            "fallout": 7.945741933653056e-05,
            "loss": 0.25823739171028137
        },
        "7": {
            "accuracy": 0.97766,
            "precision": 0.9991739377355568,
            "recall": 0.8129804662885949,
            "f1": 0.8965117895029416,
            "mcc": 0.89004658535481,
            "missrate": 0.18701953371140517,
            "fallout": 9.080847924174919e-05,
            "loss": 0.24742859601974487
        },
        "8": {
            "accuracy": 0.97764,
            "precision": 0.9990706799525014,
            "recall": 0.8128964503255619,
            "f1": 0.8964191411497661,
            "mcc": 0.8899421663942461,
            "missrate": 0.18710354967443815,
            "fallout": 0.00010215953914696784,
            "loss": 0.2543221116065979
        },
        "9": {
            "accuracy": 0.97903,
            "precision": 0.9989822400895628,
            "recall": 0.8246586851501785,
            "f1": 0.9034885861561118,
            "mcc": 0.8970076362344435,
            "missrate": 0.17534131484982146,
            "fallout": 0.0001135105990521865,
            "loss": 0.25892382860183716
        },
        "10": {
            "accuracy": 0.97761,
            "precision": 0.9988127806741341,
            "recall": 0.8128544423440454,
            "f1": 0.8962897772013526,
            "mcc": 0.8897830807090363,
            "missrate": 0.18714555765595464,
            "fallout": 0.00013053718891001446,
            "loss": 0.26371973752975464,
            "attack_stats": [
                {
                    "attack": "DDoS",
                    "count": 14577,
                    "correct": 11416,
                    "missed": 3161,
                    "percentage": "78.32%"
                },
                {
                    "attack": "Brute Force",
                    "count": 1327,
                    "correct": 1318,
                    "missed": 9,
                    "percentage": "99.32%"
                },
                {
                    "attack": "DoS",
                    "count": 5096,
                    "correct": 5069,
                    "missed": 27,
                    "percentage": "99.47%"
                },
                {
                    "attack": "Infilteration",
                    "count": 1258,
                    "correct": 0,
                    "missed": 1258,
                    "percentage": "0.00%"
                },
                {
                    "attack": "Bot",
                    "count": 1544,
                    "correct": 1544,
                    "missed": 0,
                    "percentage": "100.00%"
                },
                {
                    "attack": "injection",
                    "count": 3,
                    "correct": 3,
                    "missed": 0,
                    "percentage": "100.00%"
                }
            ]
        }
    },
    "ktkexq_benign_1": {
        "1": {
            "accuracy": 0.98129,
            "precision": 0.9976189295103923,
            "recall": 0.8448225162780928,
            "f1": 0.9148849058320443,
            "mcc": 0.9084006766793578,
            "missrate": 0.15517748372190715,
            "fallout": 0.0002724254377252476,
            "loss": 0.04625833034515381
        },
        "2": {
            "accuracy": 0.96499,
            "precision": 0.9980437488884937,
            "recall": 0.7072463768115942,
            "f1": 0.8278507154447559,
            "mcc": 0.8238743591036659,
            "missrate": 0.2927536231884058,
            "fallout": 0.00018729248843610773,
            "loss": 0.078720323741436
        },
        "3": {
            "accuracy": 0.9636,
            "precision": 0.9983113201857547,
            "recall": 0.6953581180424281,
            "f1": 0.8197395136928638,
            "mcc": 0.8164181071302387,
            "missrate": 0.3046418819575719,
            "fallout": 0.0001589148386730611,
            "loss": 0.09431277960538864
        },
        "4": {
            "accuracy": 0.963575,
            "precision": 0.9978902953586498,
            "recall": 0.6954421340054611,
            "f1": 0.8196558980071792,
            "mcc": 0.8162686474172037,
            "missrate": 0.304557865994539,
            "fallout": 0.00019864354834132637,
            "loss": 0.09627092629671097
        },
        "5": {
            "accuracy": 0.963235,
            "precision": 0.9978816123955938,
            "recall": 0.6925855912623399,
            "f1": 0.8176655838520099,
            "mcc": 0.8144350348331731,
            "missrate": 0.3074144087376602,
            "fallout": 0.00019864354834132637,
            "loss": 0.11376281082630157
        },
        "6": {
            "accuracy": 0.96321,
            "precision": 0.9972788292918909,
            "recall": 0.6927956311699223,
            "f1": 0.8176094392940361,
            "mcc": 0.8142790899323749,
            "missrate": 0.30720436883007773,
            "fallout": 0.0002553988478674196,
            "loss": 0.11306144297122955
        },
        "7": {
            "accuracy": 0.96318,
            "precision": 0.998302721706977,
            "recall": 0.6918294475950431,
            "f1": 0.817279539476949,
            "mcc": 0.8141531080923787,
            "missrate": 0.30817055240495694,
            "fallout": 0.0001589148386730611,
            "loss": 0.1327882558107376
        },
        "8": {
            "accuracy": 0.9632,
            "precision": 0.9981823689790973,
            "recall": 0.692081495484142,
            "f1": 0.8174150334904491,
            "mcc": 0.8142567741823163,
            "missrate": 0.307918504515858,
            "fallout": 0.00017026589857827975,
            "loss": 0.13795040547847748
        },
        "9": {
            "accuracy": 0.963165,
            "precision": 0.9977592054263565,
            "recall": 0.692081495484142,
            "f1": 0.8172731105985068,