{
    "ktkexq_benign_0": {
        "1": {
            "accuracy": 0.649275,
            "precision": 0.2501321538378553,
            "recall": 0.9733019897573671,
            "f1": 0.39798484341340745,
            "mcc": 0.3759481543809963,
            "missrate": 0.02669801024263286,
            "fallout": 0.394538478130073,
            "loss": 0.6648786067962646
        },
        "2": {
            "accuracy": 0.656075,
            "precision": 0.11014965231414847,
            "recall": 0.2666442783981194,
            "f1": 0.1558983421075237,
            "mcc": -0.017607625288469295,
            "missrate": 0.7333557216018806,
            "fallout": 0.2912679222150325,
            "loss": 0.6527765989303589
        },
        "3": {
            "accuracy": 0.59498,
            "precision": 0.12408951063661942,
            "recall": 0.39618839727982536,
            "f1": 0.18898678414096917,
            "mcc": 0.012042451690525426,
            "missrate": 0.6038116027201746,
            "fallout": 0.37814028993404397,
            "loss": 0.6978253126144409
        },
        "4": {
            "accuracy": 0.569685,
            "precision": 0.12998918044871413,
            "recall": 0.4589455125514231,
            "f1": 0.2025961511734566,
            "mcc": 0.028612031645715755,
            "missrate": 0.541054487448577,
            "fallout": 0.4153413025462884,
            "loss": 0.7245309352874756
        },
        "5": {
            "accuracy": 0.63159,
            "precision": 0.08644371454165423,
            "recall": 0.21874737637477962,
            "f1": 0.12391800627794161,
            "mcc": -0.06624184907206328,
            "missrate": 0.7812526236252204,
            "fallout": 0.31258726969315126,
            "loss": 0.706404447555542
        },
        "6": {
            "accuracy": 0.6028,
            "precision": 0.10672870234189388,
            "recall": 0.31680799261187137,
            "f1": 0.15966742124526626,
            "mcc": -0.028268233119359373,
            "missrate": 0.6831920073881286,
            "fallout": 0.3585294418145285,
            "loss": 0.7135807871818542
        },
        "7": {
            "accuracy": 0.606595,
            "precision": 0.052908673045264136,
            "recall": 0.13626059944589036,
            "f1": 0.07622133774787784,
            "mcc": -0.13595155976008588,
            "missrate": 0.8637394005541097,
            "fallout": 0.32980848914166355,
            "loss": 0.7059799432754517
        },
        "8": {
            "accuracy": 0.663495,
            "precision": 0.12495471405158286,
            "recall": 0.3040466795399211,
            "f1": 0.1771186129825033,
            "mcc": 0.011526927152543364,
            "missrate": 0.695953320460079,
            "fallout": 0.28790200819625605,
            "loss": 0.6658421754837036
        },
        "9": {
            "accuracy": 0.602435,
            "precision": 0.11887327028099808,
            "recall": 0.3645789606246327,
            "f1": 0.17928842005305368,
            "mcc": -0.0005544509093531845,
            "missrate": 0.6354210393753673,
            "fallout": 0.36540317179216475,
            "loss": 0.705331027507782
        },
        "10": {
            "accuracy": 0.590135,
            "precision": 0.10613511060538329,
            "recall": 0.32889765762740325,
            "f1": 0.16048257427567775,
            "mcc": -0.030638333100395855,
            "missrate": 0.6711023423725968,
            "fallout": 0.37454165673353085,
            "loss": 0.6833270192146301,
            "attack_stats": [
                {
                    "attack": "DDoS",
                    "count": 14726,
                    "correct": 2753,
                    "missed": 11973,
                    "percentage": "18.69%"
                },
                {
                    "attack": "DoS",
                    "count": 5072,
                    "correct": 2129,
                    "missed": 2943,
                    "percentage": "41.98%"
                },
                {
                    "attack": "Brute Force",
                    "count": 1304,
                    "correct": 932,
                    "missed": 372,
                    "percentage": "71.47%"
                },
                {
                    "attack": "Infilteration",
                    "count": 1228,
                    "correct": 537,
                    "missed": 691,
                    "percentage": "43.73%"
                },
                {
                    "attack": "Bot",
                    "count": 1484,
                    "correct": 1484,
                    "missed": 0,
                    "percentage": "100.00%"
                },
                {
                    "attack": "injection",
                    "count": 8,
                    "correct": 0,
                    "missed": 8,
                    "percentage": "0.00%"
                }
            ]
        }
    },
    "ktkexq_malicious_0": {
        "1": {
            "accuracy": 0.649275,
            "precision": 0.2501321538378553,
            "recall": 0.9733019897573671,
            "f1": 0.39798484341340745,
            "mcc": 0.3759481543809963,
            "missrate": 0.02669801024263286,
            "fallout": 0.394538478130073,
            "loss": 0.6648786067962646
        },
        "2": {
            "accuracy": 0.656075,
            "precision": 0.11014965231414847,
            "recall": 0.2666442783981194,
            "f1": 0.1558983421075237,
            "mcc": -0.017607625288469295,
            "missrate": 0.7333557216018806,
            "fallout": 0.2912679222150325,
            "loss": 0.6527765989303589
        },
        "3": {
            "accuracy": 0.59498,
            "precision": 0.12408951063661942,
            "recall": 0.39618839727982536,
            "f1": 0.18898678414096917,
            "mcc": 0.012042451690525426,
            "missrate": 0.6038116027201746,
            "fallout": 0.37814028993404397,
            "loss": 0.6978253126144409
        },
        "4": {
            "accuracy": 0.569685,
            "precision": 0.12998918044871413,
            "recall": 0.4589455125514231,
            "f1": 0.2025961511734566,
            "mcc": 0.028612031645715755,
            "missrate": 0.541054487448577,
            "fallout": 0.4153413025462884,
            "loss": 0.7245309352874756
        },
        "5": {
            "accuracy": 0.63159,
            "precision": 0.08644371454165423,
            "recall": 0.21874737637477962,
            "f1": 0.12391800627794161,
            "mcc": -0.06624184907206328,
            "missrate": 0.7812526236252204,
            "fallout": 0.31258726969315126,
            "loss": 0.706404447555542
        },
        "6": {
            "accuracy": 0.6028,
            "precision": 0.10672870234189388,
            "recall": 0.31680799261187137,
            "f1": 0.15966742124526626,
            "mcc": -0.028268233119359373,
            "missrate": 0.6831920073881286,
            "fallout": 0.3585294418145285,
            "loss": 0.7135807871818542
        },
        "7": {
            "accuracy": 0.606595,
            "precision": 0.052908673045264136,
            "recall": 0.13626059944589036,
            "f1": 0.07622133774787784,
            "mcc": -0.13595155976008588,
            "missrate": 0.8637394005541097,
            "fallout": 0.32980848914166355,
            "loss": 0.7059799432754517
        },
        "8": {
            "accuracy": 0.663495,
            "precision": 0.12495471405158286,
            "recall": 0.3040466795399211,
            "f1": 0.1771186129825033,
            "mcc": 0.011526927152543364,
            "missrate": 0.695953320460079,
            "fallout": 0.28790200819625605,
            "loss": 0.6658421754837036
        },
        "9": {
            "accuracy": 0.602435,
            "precision": 0.11887327028099808,
            "recall": 0.3645789606246327,