{
    "ktkexq_benign_1": {
        "1": {
            "accuracy": 0.99483,
            "precision": 0.9979953806597812,
            "recall": 0.9586420528276612,
            "f1": 0.9779229652404132,
            "mcc": 0.9752495374964824,
            "missrate": 0.04135794717233873,
            "fallout": 0.0002611989029646076,
            "loss": 0.028840292245149612
        },
        "2": {
            "accuracy": 0.99473,
            "precision": 0.9969964741217952,
            "recall": 0.9587676336389133,
            "f1": 0.9775084290043105,
            "mcc": 0.9747639753534997,
            "missrate": 0.041232366361086695,
            "fallout": 0.00039179835444691133,
            "loss": 0.028644965961575508
        },
        "3": {
            "accuracy": 0.994805,
            "precision": 0.9976912354068653,
            "recall": 0.958725773368496,
            "f1": 0.9778204717685985,
            "mcc": 0.9751278657023158,
            "missrate": 0.04127422663150404,
            "fallout": 0.00030094656211139564,
            "loss": 0.028467416763305664
        },
        "4": {
            "accuracy": 0.9948,
            "precision": 0.9976911348290133,
            "recall": 0.9586839130980787,
            "f1": 0.9777986508410895,
            "mcc": 0.9751037608955325,
            "missrate": 0.04131608690192139,
            "fallout": 0.00030094656211139564,
            "loss": 0.028400981798768044
        },
        "5": {
            "accuracy": 0.994775,
            "precision": 0.9973872147709458,
            "recall": 0.9587676336389133,
            "f1": 0.9776961987492797,
            "mcc": 0.9749821749174723,
            "missrate": 0.041232366361086695,
            "fallout": 0.00034069422125818376,
            "loss": 0.02844337932765484
        },
        "6": {
            "accuracy": 0.99483,
            "precision": 0.9979085878610954,
            "recall": 0.958725773368496,
            "f1": 0.977924850555081,
            "mcc": 0.9752491963045814,
            "missrate": 0.04127422663150404,
            "fallout": 0.00027255537700654703,
            "loss": 0.028654323890805244
        },
        "7": {
            "accuracy": 0.99484,
            "precision": 0.9980389593410903,
            "recall": 0.9586839130980787,
            "f1": 0.9779656674353062,
            "mcc": 0.9752979127402099,
            "missrate": 0.04131608690192139,
            "fallout": 0.0002555206659436378,
            "loss": 0.028454065322875977
        },
        "8": {
            "accuracy": 0.99477,
            "precision": 0.9979509090116406,
            "recall": 0.9581815898530704,
            "f1": 0.9776619826592065,
            "mcc": 0.9749601255441932,
            "missrate": 0.04181841014692955,
            "fallout": 0.0002668771399855773,
            "loss": 0.02856549061834812
        },
        "9": {
            "accuracy": 0.994835,
            "precision": 0.9979520697167756,
            "recall": 0.958725773368496,
            "f1": 0.9779457289865283,
            "mcc": 0.9752734669574674,
            "missrate": 0.04127422663150404,
            "fallout": 0.0002668771399855773,
            "loss": 0.02845313400030136
        },
        "10": {
            "accuracy": 0.99485,
            "precision": 0.9979957300335497,
            "recall": 0.9588094939093307,
            "f1": 0.9780102476515798,
            "mcc": 0.9753459394534434,
            "missrate": 0.04119050609066935,
            "fallout": 0.0002611989029646076,
            "loss": 0.02841806598007679,
            "attack_stats": [
                {
                    "attack": "DDoS",
                    "count": 14834,
                    "correct": 14833,
                    "missed": 1,
                    "percentage": "99.99%"
                },
                {
                    "attack": "DoS",
                    "count": 5104,
                    "correct": 5066,
                    "missed": 38,
                    "percentage": "99.26%"
                },
                {
                    "attack": "Infilteration",
                    "count": 1211,
                    "correct": 273,
                    "missed": 938,
                    "percentage": "22.54%"
                },
                {
                    "attack": "Bot",
                    "count": 1477,
                    "correct": 1477,
                    "missed": 0,
                    "percentage": "100.00%"
                },
                {
                    "attack": "Brute Force",
                    "count": 1256,
                    "correct": 1249,
                    "missed": 7,
                    "percentage": "99.44%"
                },
                {
                    "attack": "injection",
                    "count": 7,
                    "correct": 7,
                    "missed": 0,
                    "percentage": "100.00%"
                }
            ]
        }
    },
    "ktkexq_malicious_1": {
        "1": {
            "accuracy": 0.014235,
            "precision": 0.011805876452489096,
            "recall": 0.08769726652434175,
            "f1": 0.020810259110075842,
            "mcc": -0.9311423231101209,
            "missrate": 0.9123027334756583,
            "fallout": 0.9957299657602308,
            "loss": 5.174417972564697
        },
        "2": {
            "accuracy": 0.010725,
            "precision": 0.00860393645628545,
            "recall": 0.06375319184561933,
            "f1": 0.015161696557010667,
            "mcc": -0.9483949077979446,
            "missrate": 0.9362468081543807,
            "fallout": 0.9964681365729569,
            "loss": 5.521770000457764
        },
        "3": {
            "accuracy": 0.010025,
            "precision": 0.008041728830417288,
            "recall": 0.05956716480388463,
            "f1": 0.014170413411604204,
            "mcc": -0.9518024698169445,
            "missrate": 0.9404328351961153,
            "fallout": 0.9966952660537957,
            "loss": 5.681599140167236
        },
        "4": {
            "accuracy": 0.00861,
            "precision": 0.00803443976144936,
            "recall": 0.05960902507430198,
            "f1": 0.014160277636904228,
            "mcc": -0.9585760478662928,
            "missrate": 0.940390974925698,
            "fallout": 0.9983078853677511,
            "loss": 5.936738967895508
        },
        "5": {
            "accuracy": 0.008365,
            "precision": 0.008010018163562314,
            "recall": 0.05944158399263259,
            "f1": 0.014117623665909417,
            "mcc": -0.9597617981063712,
            "missrate": 0.9405584160073674,
            "fallout": 0.9985634060336946,
            "loss": 6.107644557952881
        },
        "6": {
            "accuracy": 0.005955,
            "precision": 0.00571932362781445,
            "recall": 0.04236259366235506,
            "f1": 0.010078025025767677,
            "mcc": -0.9714539890438623,
            "missrate": 0.9576374063376449,
            "fallout": 0.9989835955732465,
            "loss": 5.965940475463867
        },
        "7": {
            "accuracy": 0.005635,
            "precision": 0.005767514376419283,
            "recall": 0.042739336096111184,
            "f1": 0.010163501978448598,
            "mcc": -0.9729991206462762,
            "missrate": 0.9572606639038889,
            "fallout": 0.9993981068757772,
            "loss": 6.017943859100342
        },
        "8": {
            "accuracy": 0.00566,
            "precision": 0.005639214578330273,
            "recall": 0.0417765498765122,
            "f1": 0.009937071849609687,
            "mcc": -0.972877703554692,
            "missrate": 0.9582234501234878,
            "fallout": 0.99923911623919,
            "loss": 6.103769302368164
        },
        "9": {
            "accuracy": 0.00556,
            "precision": 0.00561623170063338,
            "recall": 0.041609108794842815,