{
    "ktkexq_benign_1": {
        "1": {
            "accuracy": 0.99364,
            "precision": 0.9974924112445559,
            "recall": 0.9491397714429235,
            "f1": 0.9727155727155727,
            "mcc": 0.9695017766494973,
            "missrate": 0.050860228557076476,
            "fallout": 0.00032365951019527455,
            "loss": 0.038563087582588196
        },
        "2": {
            "accuracy": 0.9762,
            "precision": 0.9967797226406274,
            "recall": 0.8033404495793043,
            "f1": 0.8896666821195123,
            "mcc": 0.8829106254561856,
            "missrate": 0.19665955042069572,
            "fallout": 0.0003520506953001232,
            "loss": 0.05312291160225868
        },
        "3": {
            "accuracy": 0.971955,
            "precision": 0.9979298322074526,
            "recall": 0.7667964335049604,
            "f1": 0.8672268907563025,
            "mcc": 0.8610939389506899,
            "missrate": 0.23320356649503957,
            "fallout": 0.00021577300679684973,
            "loss": 0.06640802323818207
        },
        "4": {
            "accuracy": 0.971585,
            "precision": 0.9976492455718347,
            "recall": 0.7639080748461635,
            "f1": 0.8652710936203504,
            "mcc": 0.8591655868781399,
            "missrate": 0.2360919251538365,
            "fallout": 0.00024416419190169836,
            "loss": 0.07210907340049744
        },
        "5": {
            "accuracy": 0.971575,
            "precision": 0.9977578475336323,
            "recall": 0.7637406337644941,
            "f1": 0.86520450503853,
            "mcc": 0.8591167131449691,
            "missrate": 0.2362593662355059,
            "fallout": 0.0002328077178597589,
            "loss": 0.0762777030467987
        },
        "6": {
            "accuracy": 0.971535,
            "precision": 0.9975391009515476,
            "recall": 0.7635731926828248,
            "f1": 0.8650148192056906,
            "mcc": 0.8589027474206375,
            "missrate": 0.23642680731717527,
            "fallout": 0.0002555206659436378,
            "loss": 0.08068998157978058
        },
        "7": {
            "accuracy": 0.97157,
            "precision": 0.998030095759234,
            "recall": 0.76348947214199,
            "f1": 0.8651456218575087,
            "mcc": 0.8590984878202091,
            "missrate": 0.23651052785800997,
            "fallout": 0.00020441653275491024,
            "loss": 0.0870770588517189
        },
        "8": {
            "accuracy": 0.97152,
            "precision": 0.9981926721069062,
            "recall": 0.7629452886265645,
            "f1": 0.864857169972478,
            "mcc": 0.8588434227430708,
            "missrate": 0.23705471137343548,
            "fallout": 0.00018738182169200106,
            "loss": 0.09595928341150284
        },
        "9": {
            "accuracy": 0.97153,
            "precision": 0.9979202014120738,
            "recall": 0.763238310519486,
            "f1": 0.8649430740037951,
            "mcc": 0.8588875659518198,
            "missrate": 0.23676168948051404,
            "fallout": 0.00021577300679684973,
            "loss": 0.0955016240477562
        },
        "10": {
            "accuracy": 0.97156,
            "precision": 0.9979208841713629,
            "recall": 0.76348947214199,
            "f1": 0.8651045866337808,
            "mcc": 0.8590434280327606,
            "missrate": 0.23651052785800997,
            "fallout": 0.00021577300679684973,
            "loss": 0.09614759683609009,
            "attack_stats": [
                {
                    "attack": "DDoS",
                    "count": 14834,
                    "correct": 14833,
                    "missed": 1,
                    "percentage": "99.99%"
                },
                {
                    "attack": "DoS",
                    "count": 5104,
                    "correct": 401,
                    "missed": 4703,
                    "percentage": "7.86%"
                },
                {
                    "attack": "Infilteration",
                    "count": 1211,
                    "correct": 271,
                    "missed": 940,
                    "percentage": "22.38%"
                },
                {
                    "attack": "Bot",
                    "count": 1477,
                    "correct": 1476,
                    "missed": 1,
                    "percentage": "99.93%"
                },
                {
                    "attack": "Brute Force",
                    "count": 1256,
                    "correct": 1251,
                    "missed": 5,
                    "percentage": "99.60%"
                },
                {
                    "attack": "injection",
                    "count": 7,
                    "correct": 7,
                    "missed": 0,
                    "percentage": "100.00%"
                }
            ]
        }
    },
    "ktkexq_benign_3": {
        "1": {
            "accuracy": 0.971805,
            "precision": 0.9978177850518276,
            "recall": 0.7656243459332748,
            "f1": 0.8664345436888605,
            "mcc": 0.860312562610099,
            "missrate": 0.23437565406672528,
            "fallout": 0.00022712948083878918,
            "loss": 0.06266135722398758
        },
        "2": {
            "accuracy": 0.969,
            "precision": 0.9965193959467804,
            "recall": 0.7430616601783248,
            "f1": 0.8513260754879861,
            "mcc": 0.8456371299728392,
            "missrate": 0.25693833982167524,
            "fallout": 0.0003520506953001232,
            "loss": 0.09122008830308914
        },
        "3": {
            "accuracy": 0.964975,
            "precision": 0.9975834020983143,
            "recall": 0.7084850768135962,
            "f1": 0.828539958389426,
            "mcc": 0.8243745666939154,
            "missrate": 0.29151492318640376,
            "fallout": 0.0002328077178597589,
            "loss": 0.10599071532487869
        },
        "4": {
            "accuracy": 0.96475,
            "precision": 0.9978712080894092,
            "recall": 0.7063920632927289,
            "f1": 0.8272058823529411,
            "mcc": 0.8231833391606295,
            "missrate": 0.29360793670727114,
            "fallout": 0.00020441653275491024,
            "loss": 0.1278219223022461
        },
        "5": {
            "accuracy": 0.964775,
            "precision": 0.9981663314799479,
            "recall": 0.7063920632927289,
            "f1": 0.8273072680475548,
            "mcc": 0.823326917246062,
            "missrate": 0.29360793670727114,
            "fallout": 0.0001760253476500616,
            "loss": 0.13340860605239868
        },
        "6": {
            "accuracy": 0.96491,
            "precision": 0.9978164650339333,
            "recall": 0.7077734522165013,
            "f1": 0.8281334182299065,
            "mcc": 0.824035603473066,
            "missrate": 0.29222654778349866,
            "fallout": 0.00021009476977587997,
            "loss": 0.13439105451107025
        },
        "7": {
            "accuracy": 0.964775,
            "precision": 0.9979895931882686,
            "recall": 0.7065176441039809,
            "f1": 0.8273326634151124,
            "mcc": 0.8233208692386026,
            "missrate": 0.29348235589601906,
            "fallout": 0.0001930600587129708,
            "loss": 0.14624474942684174
        },
        "8": {
            "accuracy": 0.964915,
            "precision": 0.9981105337742088,
            "recall": 0.7076060111348319,
            "f1": 0.8281200244947947,
            "mcc": 0.82407228604624,
            "missrate": 0.29239398886516804,
            "fallout": 0.00018170358467103133,
            "loss": 0.1412830650806427
        },
        "9": {
            "accuracy": 0.96489,
            "precision": 0.9977571858584666,
            "recall": 0.7076478714052493,
            "f1": 0.8280270376175549,