{
    "ktkexq_benign_3": {
        "1": {
            "accuracy": 0.98621,
            "precision": 0.9675272105783934,
            "recall": 0.913538304739256,
            "f1": 0.9397579834869599,
            "mcc": 0.9324688455050473,
            "missrate": 0.08646169526074401,
            "fallout": 0.004091764332509691,
            "loss": 0.06255379319190979
        },
        "2": {
            "accuracy": 0.988605,
            "precision": 0.9738026286478058,
            "recall": 0.9281892305078988,
            "f1": 0.9504489813667297,
            "mcc": 0.9443621654975458,
            "missrate": 0.07181076949210125,
            "fallout": 0.0033323510076394714,
            "loss": 0.04791027680039406
        },
        "3": {
            "accuracy": 0.99072,
            "precision": 0.9823445699546385,
            "recall": 0.9380414472566673,
            "f1": 0.9596819741929878,
            "mcc": 0.9547661521129345,
            "missrate": 0.06195855274333277,
            "fallout": 0.0022499036565184864,
            "loss": 0.04237629845738411
        },
        "4": {
            "accuracy": 0.99145,
            "precision": 0.9883710528669827,
            "recall": 0.9384236453201971,
            "f1": 0.9627499673245327,
            "mcc": 0.9583353130221884,
            "missrate": 0.06157635467980296,
            "fallout": 0.0014734885407929636,
            "loss": 0.03793869912624359
        },
        "5": {
            "accuracy": 0.994355,
            "precision": 0.9935279355435214,
            "recall": 0.9582979446237473,
            "f1": 0.9755949936231383,
            "mcc": 0.972607138210796,
            "missrate": 0.04170205537625276,
            "fallout": 0.0008330877519098679,
            "loss": 0.034265823662281036
        },
        "6": {
            "accuracy": 0.99446,
            "precision": 0.9944909651828999,
            "recall": 0.9582554781722439,
            "f1": 0.9760370258229162,
            "mcc": 0.9731203959287478,
            "missrate": 0.04174452182775607,
            "fallout": 0.0007084079523043094,
            "loss": 0.031760476529598236
        },
        "7": {
            "accuracy": 0.99455,
            "precision": 0.9950185152530417,
            "recall": 0.9585102768812638,
            "f1": 0.9764232566187921,
            "mcc": 0.9735607116069667,
            "missrate": 0.0414897231187362,
            "fallout": 0.0006404007888830957,
            "loss": 0.03016924113035202
        },
        "8": {
            "accuracy": 0.994745,
            "precision": 0.9956814876834266,
            "recall": 0.9595294717173433,
            "f1": 0.9772712527843256,
            "mcc": 0.9745144374086926,
            "missrate": 0.0404705282826567,
            "fallout": 0.0005553918346065785,
            "loss": 0.029231784865260124
        },
        "9": {
            "accuracy": 0.99488,
            "precision": 0.9967360621030346,
            "recall": 0.9596568710718533,
            "f1": 0.9778450887061878,
            "mcc": 0.975175714994746,
            "missrate": 0.04034312892814677,
            "fallout": 0.00041937750776415117,
            "loss": 0.028636902570724487
        },
        "10": {
            "accuracy": 0.99492,
            "precision": 0.9968248368318927,
            "recall": 0.9599116697808731,
            "f1": 0.9780200761509171,
            "mcc": 0.9753712338337337,
            "missrate": 0.04008833021912689,
            "fallout": 0.0004080429805272822,
            "loss": 0.028193511068820953,
            "attack_stats": [
                {
                    "attack": "DDoS",
                    "count": 14533,
                    "correct": 14528,
                    "missed": 5,
                    "percentage": "99.97%"
                },
                {
                    "attack": "DoS",
                    "count": 5096,
                    "correct": 5065,
                    "missed": 31,
                    "percentage": "99.39%"
                },
                {
                    "attack": "Brute Force",
                    "count": 1254,
                    "correct": 1246,
                    "missed": 8,
                    "percentage": "99.36%"
                },
                {
                    "attack": "Bot",
                    "count": 1507,
                    "correct": 1507,
                    "missed": 0,
                    "percentage": "100.00%"
                },
                {
                    "attack": "Infilteration",
                    "count": 1155,
                    "correct": 255,
                    "missed": 900,
                    "percentage": "22.08%"
                },
                {
                    "attack": "injection",
                    "count": 3,
                    "correct": 3,
                    "missed": 0,
                    "percentage": "100.00%"
                }
            ]
        }
    },
    "ktkexq_benign_1": {
        "1": {
            "accuracy": 0.98621,
            "precision": 0.9675272105783934,
            "recall": 0.913538304739256,
            "f1": 0.9397579834869599,
            "mcc": 0.9324688455050473,
            "missrate": 0.08646169526074401,
            "fallout": 0.004091764332509691,
            "loss": 0.06255379319190979
        },
        "2": {
            "accuracy": 0.988605,
            "precision": 0.9738026286478058,
            "recall": 0.9281892305078988,
            "f1": 0.9504489813667297,
            "mcc": 0.9443621654975458,
            "missrate": 0.07181076949210125,
            "fallout": 0.0033323510076394714,
            "loss": 0.04791027680039406
        },
        "3": {
            "accuracy": 0.99072,
            "precision": 0.9823445699546385,
            "recall": 0.9380414472566673,
            "f1": 0.9596819741929878,
            "mcc": 0.9547661521129345,
            "missrate": 0.06195855274333277,
            "fallout": 0.0022499036565184864,
            "loss": 0.04237629845738411
        },
        "4": {
            "accuracy": 0.99145,
            "precision": 0.9883710528669827,
            "recall": 0.9384236453201971,
            "f1": 0.9627499673245327,
            "mcc": 0.9583353130221884,
            "missrate": 0.06157635467980296,
            "fallout": 0.0014734885407929636,
            "loss": 0.03793869912624359
        },
        "5": {
            "accuracy": 0.994355,
            "precision": 0.9935279355435214,
            "recall": 0.9582979446237473,
            "f1": 0.9755949936231383,
            "mcc": 0.972607138210796,
            "missrate": 0.04170205537625276,
            "fallout": 0.0008330877519098679,
            "loss": 0.034265823662281036
        },
        "6": {
            "accuracy": 0.99446,
            "precision": 0.9944909651828999,
            "recall": 0.9582554781722439,
            "f1": 0.9760370258229162,
            "mcc": 0.9731203959287478,
            "missrate": 0.04174452182775607,
            "fallout": 0.0007084079523043094,
            "loss": 0.031760476529598236
        },
        "7": {
            "accuracy": 0.99455,
            "precision": 0.9950185152530417,
            "recall": 0.9585102768812638,
            "f1": 0.9764232566187921,
            "mcc": 0.9735607116069667,
            "missrate": 0.0414897231187362,
            "fallout": 0.0006404007888830957,
            "loss": 0.03016924113035202
        },
        "8": {
            "accuracy": 0.994745,
            "precision": 0.9956814876834266,
            "recall": 0.9595294717173433,
            "f1": 0.9772712527843256,
            "mcc": 0.9745144374086926,
            "missrate": 0.0404705282826567,
            "fallout": 0.0005553918346065785,
            "loss": 0.029231784865260124
        },
        "9": {
            "accuracy": 0.99488,
            "precision": 0.9967360621030346,
            "recall": 0.9596568710718533,