{
    "ktkexq_benign_0": {
        "1": {
            "accuracy": 0.99486,
            "precision": 0.9974249301675978,
            "recall": 0.9593233145831584,
            "f1": 0.9780031668592459,
            "mcc": 0.9753314910622355,
            "missrate": 0.04067668541684157,
            "fallout": 0.0003348885785966466,
            "loss": 0.029132824391126633
        },
        "2": {
            "accuracy": 0.99491,
            "precision": 0.9981649772806711,
            "recall": 0.9590294685584754,
            "f1": 0.9782059516163563,
            "mcc": 0.9755757889624996,
            "missrate": 0.04097053144152464,
            "fallout": 0.0002383952593399857,
            "loss": 0.028374135494232178
        },
        "3": {
            "accuracy": 0.994995,
            "precision": 0.9983403939380705,
            "recall": 0.9595751826043153,
            "f1": 0.9785740276975107,
            "mcc": 0.9759870913018045,
            "missrate": 0.04042481739568466,
            "fallout": 0.00021569094892665372,
            "loss": 0.02817738614976406
        },
        "4": {
            "accuracy": 0.99494,
            "precision": 0.9983831497989862,
            "recall": 0.9590714465620015,
            "f1": 0.9783325482807348,
            "mcc": 0.9757216262166329,
            "missrate": 0.04092855343799849,
            "fallout": 0.00021001487132332074,
            "loss": 0.028093945235013962
        },
        "5": {
            "accuracy": 0.99494,
            "precision": 0.9983395962597221,
            "recall": 0.9591134245655276,
            "f1": 0.9783334760640576,
            "mcc": 0.9757214388738665,
            "missrate": 0.040886575434472335,
            "fallout": 0.00021569094892665372,
            "loss": 0.028080832213163376
        },
        "6": {
            "accuracy": 0.99498,
            "precision": 0.9979921431689218,
            "recall": 0.9597850726219461,
            "f1": 0.978515792176667,
            "mcc": 0.9759132491643318,
            "missrate": 0.0402149273780539,
            "fallout": 0.00026109956975331765,
            "loss": 0.028126882389187813
        },
        "7": {
            "accuracy": 0.994975,
            "precision": 0.9979485836497752,
            "recall": 0.9597850726219461,
            "f1": 0.9784948537436073,
            "mcc": 0.975888933461482,
            "missrate": 0.0402149273780539,
            "fallout": 0.00026677564735665067,
            "loss": 0.028185734525322914
        },
        "8": {
            "accuracy": 0.99498,
            "precision": 0.9983837148348769,
            "recall": 0.9594072705902107,
            "f1": 0.978507513807424,
            "mcc": 0.9759148297026856,
            "missrate": 0.04059272940978927,
            "fallout": 0.00021001487132332074,
            "loss": 0.027967605739831924
        },
        "9": {
            "accuracy": 0.994865,
            "precision": 0.9968179242404429,
            "recall": 0.9599529846360507,
            "f1": 0.9780381925881573,
            "mcc": 0.9753539250488427,
            "missrate": 0.04004701536394929,
            "fallout": 0.00041435366504330846,
            "loss": 0.02838086150586605
        },
        "10": {
            "accuracy": 0.994955,
            "precision": 0.998426917194669,
            "recall": 0.9591554025690538,
            "f1": 0.9783972423833686,
            "mcc": 0.9757942688766928,
            "missrate": 0.040844597430946185,
            "fallout": 0.00020433879371998775,
            "loss": 0.027950385585427284,
            "attack_stats": [
                {
                    "attack": "DDoS",
                    "count": 14726,
                    "correct": 14718,
                    "missed": 8,
                    "percentage": "99.95%"
                },
                {
                    "attack": "DoS",
                    "count": 5072,
                    "correct": 5039,
                    "missed": 33,
                    "percentage": "99.35%"
                },
                {
                    "attack": "Brute Force",
                    "count": 1304,
                    "correct": 1300,
                    "missed": 4,
                    "percentage": "99.69%"
                },
                {
                    "attack": "Infilteration",
                    "count": 1228,
                    "correct": 300,
                    "missed": 928,
                    "percentage": "24.43%"
                },
                {
                    "attack": "Bot",
                    "count": 1484,
                    "correct": 1484,
                    "missed": 0,
                    "percentage": "100.00%"
                },
                {
                    "attack": "injection",
                    "count": 8,
                    "correct": 8,
                    "missed": 0,
                    "percentage": "100.00%"
                }
            ]
        }
    },
    "ktkexq_malicious_1": {
        "1": {
            "accuracy": 0.0132,
            "precision": 0.011254182297475414,
            "recall": 0.08387205104525229,
            "f1": 0.019845447863485566,
            "mcc": -0.9360229891784316,
            "missrate": 0.9161279489547477,
            "fallout": 0.9963559581786602,
            "loss": 5.080447196960449
        },
        "2": {
            "accuracy": 0.01029,
            "precision": 0.008452183339544022,
            "recall": 0.06284107127864999,
            "f1": 0.014900266751602498,
            "mcc": -0.950361082967925,
            "missrate": 0.93715892872135,
            "fallout": 0.9968157204645302,
            "loss": 5.603813171386719
        },
        "3": {
            "accuracy": 0.01004,
            "precision": 0.008383199729027888,
            "recall": 0.06233733523633616,
            "f1": 0.014778913426418927,
            "mcc": -0.9515640037629813,
            "missrate": 0.9376626647636639,
            "fallout": 0.9970314114134569,
            "loss": 5.490902423858643
        },
        "4": {
            "accuracy": 0.00843,
            "precision": 0.007885474482198456,
            "recall": 0.05868524892956091,
            "f1": 0.013902839242205759,
            "mcc": -0.9593511270420771,
            "missrate": 0.941314751070439,
            "fallout": 0.9983652896502401,
            "loss": 5.591324329376221
        },
        "5": {
            "accuracy": 0.006895,
            "precision": 0.00637090169721273,
            "recall": 0.04735118797749979,
            "f1": 0.011230753147448438,
            "mcc": -0.9668290066129942,
            "missrate": 0.9526488120225002,
            "fallout": 0.9985753045215634,
            "loss": 5.683441162109375
        },
        "6": {
            "accuracy": 0.005855,
            "precision": 0.00571651292711446,
            "recall": 0.042481739568466126,
            "f1": 0.010077021503288474,
            "mcc": -0.971866866380183,
            "missrate": 0.9575182604315339,
            "fallout": 0.9990975036610701,
            "loss": 5.6257548332214355
        },
        "7": {
            "accuracy": 0.0056,
            "precision": 0.005664618443048841,
            "recall": 0.04210393753673075,
            "f1": 0.009985763069601665,
            "mcc": -0.9731015480185987,
            "missrate": 0.9578960624632692,
            "fallout": 0.9993358989204101,
            "loss": 5.537077903747559
        },
        "8": {
            "accuracy": 0.00545,
            "precision": 0.005663658847843518,
            "recall": 0.04210393753673075,
            "f1": 0.009984272034083894,
            "mcc": -0.9738292994200951,
            "missrate": 0.9578960624632692,
            "fallout": 0.99950618124851,
            "loss": 5.784343242645264
        },
        "9": {
            "accuracy": 0.00539,
            "precision": 0.005590693471877118,
            "recall": 0.04155822349089077,