{
    "ktkexq_benign_0": {
        "1": {
            "accuracy": 0.951225,
            "precision": 0.9591346153846154,
            "recall": 0.6179831721712922,
            "f1": 0.75166110842392,
            "mcc": 0.7476164002423332,
            "missrate": 0.3820168278287078,
            "fallout": 0.00357161108618996,
            "loss": 0.13705167174339294
        },
        "2": {
            "accuracy": 0.963875,
            "precision": 0.9700440031592011,
            "recall": 0.7197873498262799,
            "f1": 0.8263847170491408,
            "mcc": 0.8179102459996004,
            "missrate": 0.2802126501737201,
            "fallout": 0.0030151438581349265,
            "loss": 0.11459925770759583
        },
        "3": {
            "accuracy": 0.9654,
            "precision": 0.9774888851370364,
            "recall": 0.7270710368788983,
            "f1": 0.8338854481732201,
            "mcc": 0.8261666010415519,
            "missrate": 0.27292896312110176,
            "fallout": 0.002271294808387892,
            "loss": 0.10831726342439651
        },
        "4": {
            "accuracy": 0.96901,
            "precision": 0.985936384112509,
            "recall": 0.7512662731801247,
            "f1": 0.8527511166017296,
            "mcc": 0.8454348498413228,
            "missrate": 0.24873372681987527,
            "fallout": 0.0014536286773682507,
            "loss": 0.11529606580734253
        },
        "5": {
            "accuracy": 0.974115,
            "precision": 0.9935640430470564,
            "recall": 0.7883963330403114,
            "f1": 0.8791690979110749,
            "mcc": 0.8721468816782929,
            "missrate": 0.21160366695968855,
            "fallout": 0.000692744916558307,
            "loss": 0.1122855693101883
        },
        "6": {
            "accuracy": 0.974885,
            "precision": 0.995274598340859,
            "recall": 0.7935032860312278,
            "f1": 0.883009199953418,
            "mcc": 0.8761433782502651,
            "missrate": 0.20649671396877223,
            "fallout": 0.0005110413318872756,
            "loss": 0.10952027142047882
        },
        "7": {
            "accuracy": 0.98509,
            "precision": 0.9959201100621472,
            "recall": 0.8787726568713634,
            "f1": 0.9336861768368618,
            "mcc": 0.9276234096259752,
            "missrate": 0.12122734312863662,
            "fallout": 0.0004883283838033967,
            "loss": 0.10287031531333923
        },
        "8": {
            "accuracy": 0.984585,
            "precision": 0.9965158457426498,
            "recall": 0.8740005860437858,
            "f1": 0.9312459579402779,
            "mcc": 0.9251250689223361,
            "missrate": 0.12599941395621417,
            "fallout": 0.00041451130253079024,
            "loss": 0.10555020719766617
        },
        "9": {
            "accuracy": 0.982335,
            "precision": 0.9975557293703559,
            "recall": 0.8542006781363808,
            "f1": 0.9203292366670425,
            "mcc": 0.9139279555160309,
            "missrate": 0.14579932186361924,
            "fallout": 0.0002839118510484865,
            "loss": 0.10869444161653519
        },
        "10": {
            "accuracy": 0.98126,
            "precision": 0.9974314645591504,
            "recall": 0.8452844405374859,
            "f1": 0.9150768115285267,
            "mcc": 0.9085398698847066,
            "missrate": 0.15471555946251414,
            "fallout": 0.00029526832509042594,
            "loss": 0.11137375235557556,
            "attack_stats": [
                {
                    "attack": "DDoS",
                    "count": 14834,
                    "correct": 14833,
                    "missed": 1,
                    "percentage": "99.99%"
                },
                {
                    "attack": "DoS",
                    "count": 5104,
                    "correct": 2405,
                    "missed": 2699,
                    "percentage": "47.12%"
                },
                {
                    "attack": "Infilteration",
                    "count": 1211,
                    "correct": 227,
                    "missed": 984,
                    "percentage": "18.74%"
                },
                {
                    "attack": "Bot",
                    "count": 1477,
                    "correct": 1473,
                    "missed": 4,
                    "percentage": "99.73%"
                },
                {
                    "attack": "Brute Force",
                    "count": 1256,
                    "correct": 1248,
                    "missed": 8,
                    "percentage": "99.36%"
                },
                {
                    "attack": "injection",
                    "count": 7,
                    "correct": 7,
                    "missed": 0,
                    "percentage": "100.00%"
                }
            ]
        }
    },
    "ktkexq_benign_1": {
        "1": {
            "accuracy": 0.951225,
            "precision": 0.9591346153846154,
            "recall": 0.6179831721712922,
            "f1": 0.75166110842392,
            "mcc": 0.7476164002423332,
            "missrate": 0.3820168278287078,
            "fallout": 0.00357161108618996,
            "loss": 0.13705167174339294
        },
        "2": {
            "accuracy": 0.963875,
            "precision": 0.9700440031592011,
            "recall": 0.7197873498262799,
            "f1": 0.8263847170491408,
            "mcc": 0.8179102459996004,
            "missrate": 0.2802126501737201,
            "fallout": 0.0030151438581349265,
            "loss": 0.11459925770759583
        },
        "3": {
            "accuracy": 0.9654,
            "precision": 0.9774888851370364,
            "recall": 0.7270710368788983,
            "f1": 0.8338854481732201,
            "mcc": 0.8261666010415519,
            "missrate": 0.27292896312110176,
            "fallout": 0.002271294808387892,
            "loss": 0.10831726342439651
        },
        "4": {
            "accuracy": 0.96901,
            "precision": 0.985936384112509,
            "recall": 0.7512662731801247,
            "f1": 0.8527511166017296,
            "mcc": 0.8454348498413228,
            "missrate": 0.24873372681987527,
            "fallout": 0.0014536286773682507,
            "loss": 0.11529606580734253
        },
        "5": {
            "accuracy": 0.974115,
            "precision": 0.9935640430470564,
            "recall": 0.7883963330403114,
            "f1": 0.8791690979110749,
            "mcc": 0.8721468816782929,
            "missrate": 0.21160366695968855,
            "fallout": 0.000692744916558307,
            "loss": 0.1122855693101883
        },
        "6": {
            "accuracy": 0.974885,
            "precision": 0.995274598340859,
            "recall": 0.7935032860312278,
            "f1": 0.883009199953418,
            "mcc": 0.8761433782502651,
            "missrate": 0.20649671396877223,
            "fallout": 0.0005110413318872756,
            "loss": 0.10952027142047882
        },
        "7": {
            "accuracy": 0.98509,
            "precision": 0.9959201100621472,
            "recall": 0.8787726568713634,
            "f1": 0.9336861768368618,
            "mcc": 0.9276234096259752,
            "missrate": 0.12122734312863662,
            "fallout": 0.0004883283838033967,
            "loss": 0.10287031531333923
        },
        "8": {
            "accuracy": 0.984585,
            "precision": 0.9965158457426498,
            "recall": 0.8740005860437858,
            "f1": 0.9312459579402779,
            "mcc": 0.9251250689223361,
            "missrate": 0.12599941395621417,
            "fallout": 0.00041451130253079024,
            "loss": 0.10555020719766617
        },
        "9": {
            "accuracy": 0.982335,
            "precision": 0.9975557293703559,
            "recall": 0.8542006781363808,
            "f1": 0.9203292366670425,