{
    "ktkexq_benign_0": {
        "1": {
            "accuracy": 0.994965,
            "precision": 0.9984750784245382,
            "recall": 0.9593118171543388,
            "f1": 0.9785017399286949,
            "mcc": 0.9759021163644637,
            "missrate": 0.04068818284566118,
            "fallout": 0.00019873829573394052,
            "loss": 0.0279455054551363
        },
        "2": {
            "accuracy": 0.99496,
            "precision": 0.9984315775715593,
            "recall": 0.9593118171543388,
            "f1": 0.9784808505187653,
            "mcc": 0.9758778358940742,
            "missrate": 0.04068818284566118,
            "fallout": 0.00020441653275491024,
            "loss": 0.028078384697437286
        },
        "3": {
            "accuracy": 0.994975,
            "precision": 0.9983015416775542,
            "recall": 0.9595629787768429,
            "f1": 0.9785490170967536,
            "mcc": 0.9759495485977816,
            "missrate": 0.0404370212231571,
            "fallout": 0.00022145124381781945,
            "loss": 0.02792440354824066
        },
        "4": {
            "accuracy": 0.994925,
            "precision": 0.9983008016730568,
            "recall": 0.9591443760726694,
            "f1": 0.9783309493819518,
            "mcc": 0.9757086337353953,
            "missrate": 0.04085562392733057,
            "fallout": 0.00022145124381781945,
            "loss": 0.02788172848522663
        },
        "5": {
            "accuracy": 0.994975,
            "precision": 0.9983883613555188,
            "recall": 0.9594792582360082,
            "f1": 0.9785471855188166,
            "mcc": 0.9759499168353505,
            "missrate": 0.04052074176399179,
            "fallout": 0.00021009476977587997,
            "loss": 0.027972819283604622
        },
        "6": {
            "accuracy": 0.99497,
            "precision": 0.9983014677061104,
            "recall": 0.9595211185064255,
            "f1": 0.9785272145144076,
            "mcc": 0.9759254585631395,
            "missrate": 0.040478881493574446,
            "fallout": 0.00022145124381781945,
            "loss": 0.02794690430164337
        },
        "7": {
            "accuracy": 0.99493,
            "precision": 0.9978670613328691,
            "recall": 0.9596048390472602,
            "f1": 0.9783619990610729,
            "mcc": 0.9757310035857838,
            "missrate": 0.040395160952739755,
            "fallout": 0.00027823361402751673,
            "loss": 0.027974272146821022
        },
        "8": {
            "accuracy": 0.99489,
            "precision": 0.9973032925927536,
            "recall": 0.959814140399347,
            "f1": 0.9781996587030716,
            "mcc": 0.9755363158734954,
            "missrate": 0.04018585960065302,
            "fallout": 0.0003520506953001232,
            "loss": 0.02819889970123768
        },
        "9": {
            "accuracy": 0.99498,
            "precision": 0.9984318508515921,
            "recall": 0.9594792582360082,
            "f1": 0.9785680741151859,
            "mcc": 0.975974193416501,
            "missrate": 0.04052074176399179,
            "fallout": 0.00020441653275491024,
            "loss": 0.02790168672800064
        },
        "10": {
            "accuracy": 0.994975,
            "precision": 0.9984752112921496,
            "recall": 0.9593955376951735,
            "f1": 0.9785453536280768,
            "mcc": 0.9759502945815464,
            "missrate": 0.04060446230482649,
            "fallout": 0.00019873829573394052,
            "loss": 0.027889177203178406,
            "attack_stats": [
                {
                    "attack": "DDoS",
                    "count": 14834,
                    "correct": 14830,
                    "missed": 4,
                    "percentage": "99.97%"
                },
                {
                    "attack": "DoS",
                    "count": 5104,
                    "correct": 5066,
                    "missed": 38,
                    "percentage": "99.26%"
                },
                {
                    "attack": "Infilteration",
                    "count": 1211,
                    "correct": 287,
                    "missed": 924,
                    "percentage": "23.70%"
                },
                {
                    "attack": "Bot",
                    "count": 1477,
                    "correct": 1477,
                    "missed": 0,
                    "percentage": "100.00%"
                },
                {
                    "attack": "Brute Force",
                    "count": 1256,
                    "correct": 1252,
                    "missed": 4,
                    "percentage": "99.68%"
                },
                {
                    "attack": "injection",
                    "count": 7,
                    "correct": 7,
                    "missed": 0,
                    "percentage": "100.00%"
                }
            ]
        }
    },
    "ktkexq_benign_2": {
        "1": {
            "accuracy": 0.985645,
            "precision": 0.9696969696969697,
            "recall": 0.9082004269747582,
            "f1": 0.9379417677193438,
            "mcc": 0.9304734048759344,
            "missrate": 0.09179957302524175,
            "fallout": 0.0038498447002174763,
            "loss": 0.062299422919750214
        },
        "2": {
            "accuracy": 0.989185,
            "precision": 0.9727977019498607,
            "recall": 0.9356189040981204,
            "f1": 0.9538461538461539,
            "mcc": 0.947954457816837,
            "missrate": 0.06438109590187953,
            "fallout": 0.003548898138106081,
            "loss": 0.048191964626312256
        },
        "3": {
            "accuracy": 0.990295,
            "precision": 0.9818652849740933,
            "recall": 0.9360375068022939,
            "f1": 0.9584038745901463,
            "mcc": 0.9532628587463209,
            "missrate": 0.06396249319770606,
            "fallout": 0.002345111889660498,
            "loss": 0.04248461872339249
        },
        "4": {
            "accuracy": 0.992725,
            "precision": 0.987356621480709,
            "recall": 0.9512746452342082,
            "f1": 0.9689798528941478,
            "mcc": 0.9650752852248079,
            "missrate": 0.04872535476579179,
            "fallout": 0.0016523669731021912,
            "loss": 0.03798968344926834
        },
        "5": {
            "accuracy": 0.994025,
            "precision": 0.9928335649756775,
            "recall": 0.9568839214701327,
            "f1": 0.9745273165220727,
            "mcc": 0.9713560986206051,
            "missrate": 0.043116078529867305,
            "fallout": 0.0009369091084600053,
            "loss": 0.03495760262012482
        },
        "6": {
            "accuracy": 0.994225,
            "precision": 0.9943893528183716,
            "recall": 0.9570513625518021,
            "f1": 0.9753631535163501,
            "mcc": 0.9723220377296422,
            "missrate": 0.042948637448197914,
            "fallout": 0.0007324925757050951,
            "loss": 0.03301915526390076
        },
        "7": {
            "accuracy": 0.9942,
            "precision": 0.9940442550971612,
            "recall": 0.9571769433630541,
            "f1": 0.9752623048707669,
            "mcc": 0.9722012139583126,
            "missrate": 0.042823056636945876,
            "fallout": 0.0007779184718728529,
            "loss": 0.031859390437603
        },
        "8": {
            "accuracy": 0.994545,
            "precision": 0.996818340306834,
            "recall": 0.9573862447151409,
            "f1": 0.9767044605299682,
            "mcc": 0.9738710267316226,
            "missrate": 0.04261375528485914,
            "fallout": 0.00041451130253079024,
            "loss": 0.030910475179553032
        },
        "9": {
            "accuracy": 0.994505,
            "precision": 0.9962114614178714,
            "recall": 0.9576374063376449,