{
    "ktkexq_benign_1": {
        "1": {
            "accuracy": 0.985295,
            "precision": 0.9670888333927934,
            "recall": 0.9077818242705847,
            "f1": 0.9364973117699135,
            "mcc": 0.9287858356484525,
            "missrate": 0.09221817572941521,
            "fallout": 0.00419053892147566,
            "loss": 0.0645756870508194
        },
        "2": {
            "accuracy": 0.98901,
            "precision": 0.9707452580407135,
            "recall": 0.9362049478839634,
            "f1": 0.953162291169451,
            "mcc": 0.9471386611417054,
            "missrate": 0.06379505211603667,
            "fallout": 0.0038271317521335977,
            "loss": 0.049421802163124084
        },
        "3": {
            "accuracy": 0.989745,
            "precision": 0.9761883994766681,
            "recall": 0.9370002930218929,
            "f1": 0.9561929985689571,
            "mcc": 0.9506443465962596,
            "missrate": 0.06299970697810708,
            "fallout": 0.003100317413449472,
            "loss": 0.044037364423274994
        },
        "4": {
            "accuracy": 0.990995,
            "precision": 0.9831568816169394,
            "recall": 0.9407258570890368,
            "f1": 0.961473463537767,
            "mcc": 0.9566762779880177,
            "missrate": 0.0592741429109632,
            "fallout": 0.0021861212530733458,
            "loss": 0.040184780955314636
        },
        "5": {
            "accuracy": 0.992985,
            "precision": 0.9887410885063467,
            "recall": 0.9521118506425551,
            "f1": 0.970080822297571,
            "mcc": 0.9663299675799791,
            "missrate": 0.04788814935744485,
            "fallout": 0.00147066338843116,
            "loss": 0.037108100950717926
        },
        "6": {
            "accuracy": 0.994095,
            "precision": 0.9926668402325783,
            "recall": 0.9576374063376449,
            "f1": 0.9748375412804943,
            "mcc": 0.9716949483220803,
            "missrate": 0.04236259366235506,
            "fallout": 0.0009596220565438843,
            "loss": 0.03470918536186218
        },
        "7": {
            "accuracy": 0.99428,
            "precision": 0.9937481005513829,
            "recall": 0.9581397295826531,
            "f1": 0.9756191125697968,
            "mcc": 0.9725879777025341,
            "missrate": 0.0418602704173469,
            "fallout": 0.000817666131019641,
            "loss": 0.03293898329138756
        },
        "8": {
            "accuracy": 0.994475,
            "precision": 0.995046062923692,
            "recall": 0.9585164720164092,
            "f1": 0.9764397347604529,
            "mcc": 0.9735299589376479,
            "missrate": 0.04148352798359077,
            "fallout": 0.0006473190203905491,
            "loss": 0.031644027680158615
        },
        "9": {
            "accuracy": 0.994585,
            "precision": 0.9960414129110841,
            "recall": 0.9584746117459919,
            "f1": 0.9768969857286091,
            "mcc": 0.9740622169307995,
            "missrate": 0.04152538825400812,
            "fallout": 0.0005167195689082454,
            "loss": 0.030735986307263374
        },
        "10": {
            "accuracy": 0.99466,
            "precision": 0.9966485310119695,
            "recall": 0.9585164720164092,
            "f1": 0.9772106520996927,
            "mcc": 0.9744254056671838,
            "missrate": 0.04148352798359077,
            "fallout": 0.00043722425061466915,
            "loss": 0.030137937515974045,
            "attack_stats": [
                {
                    "attack": "DDoS",
                    "count": 14834,
                    "correct": 14830,
                    "missed": 4,
                    "percentage": "99.97%"
                },
                {
                    "attack": "DoS",
                    "count": 5104,
                    "correct": 5066,
                    "missed": 38,
                    "percentage": "99.26%"
                },
                {
                    "attack": "Infilteration",
                    "count": 1211,
                    "correct": 270,
                    "missed": 941,
                    "percentage": "22.30%"
                },
                {
                    "attack": "Bot",
                    "count": 1477,
                    "correct": 1477,
                    "missed": 0,
                    "percentage": "100.00%"
                },
                {
                    "attack": "Brute Force",
                    "count": 1256,
                    "correct": 1248,
                    "missed": 8,
                    "percentage": "99.36%"
                },
                {
                    "attack": "injection",
                    "count": 7,
                    "correct": 7,
                    "missed": 0,
                    "percentage": "100.00%"
                }
            ]
        }
    },
    "ktkexq_benign_2": {
        "1": {
            "accuracy": 0.985295,
            "precision": 0.9670888333927934,
            "recall": 0.9077818242705847,
            "f1": 0.9364973117699135,
            "mcc": 0.9287858356484525,
            "missrate": 0.09221817572941521,
            "fallout": 0.00419053892147566,
            "loss": 0.0645756870508194
        },
        "2": {
            "accuracy": 0.98901,
            "precision": 0.9707452580407135,
            "recall": 0.9362049478839634,
            "f1": 0.953162291169451,
            "mcc": 0.9471386611417054,
            "missrate": 0.06379505211603667,
            "fallout": 0.0038271317521335977,
            "loss": 0.049421802163124084
        },
        "3": {
            "accuracy": 0.989745,
            "precision": 0.9761883994766681,
            "recall": 0.9370002930218929,
            "f1": 0.9561929985689571,
            "mcc": 0.9506443465962596,
            "missrate": 0.06299970697810708,
            "fallout": 0.003100317413449472,
            "loss": 0.044037364423274994
        },
        "4": {
            "accuracy": 0.990995,
            "precision": 0.9831568816169394,
            "recall": 0.9407258570890368,
            "f1": 0.961473463537767,
            "mcc": 0.9566762779880177,
            "missrate": 0.0592741429109632,
            "fallout": 0.0021861212530733458,
            "loss": 0.040184780955314636
        },
        "5": {
            "accuracy": 0.992985,
            "precision": 0.9887410885063467,
            "recall": 0.9521118506425551,
            "f1": 0.970080822297571,
            "mcc": 0.9663299675799791,
            "missrate": 0.04788814935744485,
            "fallout": 0.00147066338843116,
            "loss": 0.037108100950717926
        },
        "6": {
            "accuracy": 0.994095,
            "precision": 0.9926668402325783,
            "recall": 0.9576374063376449,
            "f1": 0.9748375412804943,
            "mcc": 0.9716949483220803,
            "missrate": 0.04236259366235506,
            "fallout": 0.0009596220565438843,
            "loss": 0.03470918536186218
        },
        "7": {
            "accuracy": 0.99428,
            "precision": 0.9937481005513829,
            "recall": 0.9581397295826531,
            "f1": 0.9756191125697968,
            "mcc": 0.9725879777025341,
            "missrate": 0.0418602704173469,
            "fallout": 0.000817666131019641,
            "loss": 0.03293898329138756
        },
        "8": {
            "accuracy": 0.994475,
            "precision": 0.995046062923692,
            "recall": 0.9585164720164092,
            "f1": 0.9764397347604529,
            "mcc": 0.9735299589376479,
            "missrate": 0.04148352798359077,
            "fallout": 0.0006473190203905491,
            "loss": 0.031644027680158615
        },
        "9": {
            "accuracy": 0.994585,
            "precision": 0.9960414129110841,
            "recall": 0.9584746117459919,