{
    "ktkexq_benign_3": {
        "1": {
            "accuracy": 0.937195,
            "precision": 0.9923804519180242,
            "recall": 0.475992438563327,
            "f1": 0.643386423643642,
            "mcc": 0.6636438117622018,
            "missrate": 0.5240075614366729,
            "fallout": 0.0004937711058770113,
            "loss": 0.1678563505411148
        },
        "2": {
            "accuracy": 0.974405,
            "precision": 0.988293090833072,
            "recall": 0.7943709304767906,
            "f1": 0.8807843685227881,
            "mcc": 0.8731266987459311,
            "missrate": 0.20562906952320942,
            "fallout": 0.0012713187093844889,
            "loss": 0.09753598272800446
        },
        "3": {
            "accuracy": 0.97543,
            "precision": 0.9911090313523632,
            "recall": 0.8007561436672967,
            "f1": 0.8858218318695106,
            "mcc": 0.8784587793005789,
            "missrate": 0.19924385633270322,
            "fallout": 0.0009705156218961945,
            "loss": 0.09823992103338242
        },
        "4": {
            "accuracy": 0.976375,
            "precision": 0.995121444882707,
            "recall": 0.8054610375971435,
            "f1": 0.8903025096928471,
            "mcc": 0.8833886648000623,
            "missrate": 0.19453896240285654,
            "fallout": 0.0005334998155452765,
            "loss": 0.09543053805828094
        },
        "5": {
            "accuracy": 0.99069,
            "precision": 0.9960663742822263,
            "recall": 0.9254358328082336,
            "f1": 0.9594529854971473,
            "mcc": 0.9550257484159056,
            "missrate": 0.07456416719176644,
            "fallout": 0.0004937711058770113,
            "loss": 0.09224062412977219
        },
        "6": {
            "accuracy": 0.992435,
            "precision": 0.9965253029223093,
            "recall": 0.9397185465238396,
            "f1": 0.9672886083064882,
            "mcc": 0.9635459500198804,
            "missrate": 0.06028145347616047,
            "fallout": 0.00044269133630352734,
            "loss": 0.08836602419614792
        },
        "7": {
            "accuracy": 0.993945,
            "precision": 0.9976213549467007,
            "recall": 0.9513967653854233,
            "f1": 0.9739609091104564,
            "mcc": 0.9708869224187597,
            "missrate": 0.04860323461457677,
            "fallout": 0.00030647861744090353,
            "loss": 0.08892140537500381
        },
        "8": {
            "accuracy": 0.9944,
            "precision": 0.9982866933181039,
            "recall": 0.9545893719806763,
            "f1": 0.9759491496306476,
            "mcc": 0.9730940554675586,
            "missrate": 0.04541062801932367,
            "fallout": 0.00022134566815176367,
            "loss": 0.08798715472221375
        },
        "9": {
            "accuracy": 0.994295,
            "precision": 0.9983289357959543,
            "recall": 0.9536651963873136,
            "f1": 0.9754860887313352,
            "mcc": 0.9725859412313839,
            "missrate": 0.04633480361268641,
            "fallout": 0.00021567013819915435,
            "loss": 0.08699923008680344
        },
        "10": {
            "accuracy": 0.99435,
            "precision": 0.9985927261533049,
            "recall": 0.953875236294896,
            "f1": 0.9757218975592987,
            "mcc": 0.9728535803980866,
            "missrate": 0.04612476370510397,
            "fallout": 0.00018161695848349838,
            "loss": 0.08789932727813721,
            "attack_stats": [
                {
                    "attack": "DDoS",
                    "count": 14577,
                    "correct": 14564,
                    "missed": 13,
                    "percentage": "99.91%"
                },
                {
                    "attack": "Brute Force",
                    "count": 1327,
                    "correct": 1321,
                    "missed": 6,
                    "percentage": "99.55%"
                },
                {
                    "attack": "DoS",
                    "count": 5096,
                    "correct": 5023,
                    "missed": 73,
                    "percentage": "98.57%"
                },
                {
                    "attack": "Infilteration",
                    "count": 1258,
                    "correct": 253,
                    "missed": 1005,
                    "percentage": "20.11%"
                },
                {
                    "attack": "Bot",
                    "count": 1544,
                    "correct": 1543,
                    "missed": 1,
                    "percentage": "99.94%"
                },
                {
                    "attack": "injection",
                    "count": 3,
                    "correct": 3,
                    "missed": 0,
                    "percentage": "100.00%"
                }
            ]
        }
    },
    "ktkexq_benign_2": {
        "1": {
            "accuracy": 0.937195,
            "precision": 0.9923804519180242,
            "recall": 0.475992438563327,
            "f1": 0.643386423643642,
            "mcc": 0.6636438117622018,
            "missrate": 0.5240075614366729,
            "fallout": 0.0004937711058770113,
            "loss": 0.1678563505411148
        },
        "2": {
            "accuracy": 0.974405,
            "precision": 0.988293090833072,
            "recall": 0.7943709304767906,
            "f1": 0.8807843685227881,
            "mcc": 0.8731266987459311,
            "missrate": 0.20562906952320942,
            "fallout": 0.0012713187093844889,
            "loss": 0.09753598272800446
        },
        "3": {
            "accuracy": 0.97543,
            "precision": 0.9911090313523632,
            "recall": 0.8007561436672967,
            "f1": 0.8858218318695106,
            "mcc": 0.8784587793005789,
            "missrate": 0.19924385633270322,
            "fallout": 0.0009705156218961945,
            "loss": 0.09823992103338242
        },
        "4": {
            "accuracy": 0.976375,
            "precision": 0.995121444882707,
            "recall": 0.8054610375971435,
            "f1": 0.8903025096928471,
            "mcc": 0.8833886648000623,
            "missrate": 0.19453896240285654,
            "fallout": 0.0005334998155452765,
            "loss": 0.09543053805828094
        },
        "5": {
            "accuracy": 0.99069,
            "precision": 0.9960663742822263,
            "recall": 0.9254358328082336,
            "f1": 0.9594529854971473,
            "mcc": 0.9550257484159056,
            "missrate": 0.07456416719176644,
            "fallout": 0.0004937711058770113,
            "loss": 0.09224062412977219
        },
        "6": {
            "accuracy": 0.992435,
            "precision": 0.9965253029223093,
            "recall": 0.9397185465238396,
            "f1": 0.9672886083064882,
            "mcc": 0.9635459500198804,
            "missrate": 0.06028145347616047,
            "fallout": 0.00044269133630352734,
            "loss": 0.08836602419614792
        },
        "7": {
            "accuracy": 0.993945,
            "precision": 0.9976213549467007,
            "recall": 0.9513967653854233,
            "f1": 0.9739609091104564,
            "mcc": 0.9708869224187597,
            "missrate": 0.04860323461457677,
            "fallout": 0.00030647861744090353,
            "loss": 0.08892140537500381
        },
        "8": {
            "accuracy": 0.9944,
            "precision": 0.9982866933181039,
            "recall": 0.9545893719806763,
            "f1": 0.9759491496306476,
            "mcc": 0.9730940554675586,
            "missrate": 0.04541062801932367,
            "fallout": 0.00022134566815176367,
            "loss": 0.08798715472221375
        },
        "9": {
            "accuracy": 0.994295,
            "precision": 0.9983289357959543,
            "recall": 0.9536651963873136,