{
    "ktkexq_malicious_1": {
        "1": {
            "accuracy": 0.37863,
            "precision": 0.03524171967739845,
            "recall": 0.15932018920842228,
            "f1": 0.05771651274585627,
            "mcc": -0.28130122987846545,
            "missrate": 0.8406798107915777,
            "fallout": 0.591621193451857,
            "loss": 0.7665513157844543
        },
        "2": {
            "accuracy": 0.508955,
            "precision": 0.018627908181771076,
            "recall": 0.060195068860144835,
            "f1": 0.02845130335855963,
            "mcc": -0.2464694390714656,
            "missrate": 0.9398049311398552,
            "fallout": 0.43017188023462477,
            "loss": 0.6648173928260803
        },
        "3": {
            "accuracy": 0.77808,
            "precision": 0.033504802658533256,
            "recall": 0.030809159027167316,
            "f1": 0.03210048848569435,
            "mcc": -0.09308275643365474,
            "missrate": 0.9691908409728327,
            "fallout": 0.12055465019220832,
            "loss": 0.5916472673416138
        },
        "4": {
            "accuracy": 0.802565,
            "precision": 0.03682147523458843,
            "recall": 0.025953367658755076,
            "f1": 0.030446632455128048,
            "mcc": -0.07724476410196726,
            "missrate": 0.9740466323412449,
            "fallout": 0.09208964800608707,
            "loss": 0.6025424003601074
        },
        "5": {
            "accuracy": 0.72104,
            "precision": 0.008291976202953053,
            "recall": 0.011260412742266315,
            "f1": 0.009550860997692171,
            "mcc": -0.15080727312305028,
            "missrate": 0.9887395872577337,
            "fallout": 0.18268024143863812,
            "loss": 0.670854926109314
        },
        "6": {
            "accuracy": 0.69428,
            "precision": 0.026776414399308997,
            "recall": 0.04412072501988363,
            "f1": 0.03332700942262695,
            "mcc": -0.14144630472482791,
            "missrate": 0.9558792749801164,
            "fallout": 0.21752758203632935,
            "loss": 0.6773550510406494
        },
        "7": {
            "accuracy": 0.670005,
            "precision": 0.07498990714574082,
            "recall": 0.15551090460044373,
            "f1": 0.10118617984719934,
            "mcc": -0.07865507743840582,
            "missrate": 0.8444890953995563,
            "fallout": 0.26020521148593784,
            "loss": 0.7261868119239807
        },
        "8": {
            "accuracy": 0.67647,
            "precision": 0.122575037449374,
            "recall": 0.27744987232617524,
            "f1": 0.1700315538339191,
            "mcc": 0.005875024851672484,
            "missrate": 0.7225501276738248,
            "fallout": 0.2694039554599088,
            "loss": 0.7255934476852417
        },
        "9": {
            "accuracy": 0.669395,
            "precision": 0.06189053487696585,
            "recall": 0.12486918665494579,
            "f1": 0.08276110810548365,
            "mcc": -0.09999828528673978,
            "missrate": 0.8751308133450542,
            "fallout": 0.2567414869031463,
            "loss": 0.7175920605659485
        },
        "10": {
            "accuracy": 0.611575,
            "precision": 0.09380851706433102,
            "recall": 0.26003599983255893,
            "f1": 0.1378774595212465,
            "mcc": -0.055615417968573076,
            "missrate": 0.7399640001674411,
            "fallout": 0.3407396471543515,
            "loss": 0.7500835061073303,
            "attack_stats": [
                {
                    "attack": "DDoS",
                    "count": 14834,
                    "correct": 2638,
                    "missed": 12196,
                    "percentage": "17.78%"
                },
                {
                    "attack": "DoS",
                    "count": 5104,
                    "correct": 3145,
                    "missed": 1959,
                    "percentage": "61.62%"
                },
                {
                    "attack": "Infilteration",
                    "count": 1211,
                    "correct": 324,
                    "missed": 887,
                    "percentage": "26.75%"
                },
                {
                    "attack": "Bot",
                    "count": 1477,
                    "correct": 11,
                    "missed": 1466,
                    "percentage": "0.74%"
                },
                {
                    "attack": "Brute Force",
                    "count": 1256,
                    "correct": 94,
                    "missed": 1162,
                    "percentage": "7.48%"
                },
                {
                    "attack": "injection",
                    "count": 7,
                    "correct": 0,
                    "missed": 7,
                    "percentage": "0.00%"
                }
            ]
        }
    },
    "ktkexq_benign_0": {
        "1": {
            "accuracy": 0.37863,
            "precision": 0.03524171967739845,
            "recall": 0.15932018920842228,
            "f1": 0.05771651274585627,
            "mcc": -0.28130122987846545,
            "missrate": 0.8406798107915777,
            "fallout": 0.591621193451857,
            "loss": 0.7665513157844543
        },
        "2": {
            "accuracy": 0.508955,
            "precision": 0.018627908181771076,
            "recall": 0.060195068860144835,
            "f1": 0.02845130335855963,
            "mcc": -0.2464694390714656,
            "missrate": 0.9398049311398552,
            "fallout": 0.43017188023462477,
            "loss": 0.6648173928260803
        },
        "3": {
            "accuracy": 0.77808,
            "precision": 0.033504802658533256,
            "recall": 0.030809159027167316,
            "f1": 0.03210048848569435,
            "mcc": -0.09308275643365474,
            "missrate": 0.9691908409728327,
            "fallout": 0.12055465019220832,
            "loss": 0.5916472673416138
        },
        "4": {
            "accuracy": 0.802565,
            "precision": 0.03682147523458843,
            "recall": 0.025953367658755076,
            "f1": 0.030446632455128048,
            "mcc": -0.07724476410196726,
            "missrate": 0.9740466323412449,
            "fallout": 0.09208964800608707,
            "loss": 0.6025424003601074
        },
        "5": {
            "accuracy": 0.72104,
            "precision": 0.008291976202953053,
            "recall": 0.011260412742266315,
            "f1": 0.009550860997692171,
            "mcc": -0.15080727312305028,
            "missrate": 0.9887395872577337,
            "fallout": 0.18268024143863812,
            "loss": 0.670854926109314
        },
        "6": {
            "accuracy": 0.69428,
            "precision": 0.026776414399308997,
            "recall": 0.04412072501988363,
            "f1": 0.03332700942262695,
            "mcc": -0.14144630472482791,
            "missrate": 0.9558792749801164,
            "fallout": 0.21752758203632935,
            "loss": 0.6773550510406494
        },
        "7": {
            "accuracy": 0.670005,
            "precision": 0.07498990714574082,
            "recall": 0.15551090460044373,
            "f1": 0.10118617984719934,
            "mcc": -0.07865507743840582,
            "missrate": 0.8444890953995563,
            "fallout": 0.26020521148593784,
            "loss": 0.7261868119239807
        },
        "8": {
            "accuracy": 0.67647,
            "precision": 0.122575037449374,
            "recall": 0.27744987232617524,
            "f1": 0.1700315538339191,
            "mcc": 0.005875024851672484,
            "missrate": 0.7225501276738248,
            "fallout": 0.2694039554599088,
            "loss": 0.7255934476852417
        },
        "9": {
            "accuracy": 0.669395,
            "precision": 0.06189053487696585,